StateUT,District,Year,Murder,Rape,Kidnapping Abduction,Dacoity,Robbery,Arson,Hurt,Protection of Civil Rights (PCR) Act,Prevention of atrocities (POA) Act,Other Crimes Against STs
Andhra Pradesh,Adilabad,2001,0,1,2,0,0,0,2,0,0,13
Andhra Pradesh,Anantapur,2001,0,0,0,0,0,0,7,0,1,6
Andhra Pradesh,Chittoor,2001,0,0,0,0,0,0,2,0,0,0
Andhra Pradesh,Cuddapah,2001,0,0,0,0,0,0,2,0,2,0
Andhra Pradesh,East Godavari,2001,0,0,0,0,0,0,0,0,0,14
Andhra Pradesh,Guntakal Rly.,2001,0,0,0,0,0,0,0,0,0,0
Andhra Pradesh,Guntur,2001,0,2,1,0,0,0,10,0,3,19
Andhra Pradesh,Hyderabad City,2001,0,0,0,0,0,0,0,0,0,2
Andhra Pradesh,Karimnagar,2001,0,0,0,0,0,0,15,0,0,2
Andhra Pradesh,Khammam,2001,1,4,0,0,0,0,8,0,9,20
Andhra Pradesh,Krishna,2001,0,0,1,0,0,0,6,0,24,18
Andhra Pradesh,Kurnool,2001,0,0,0,0,0,0,0,0,0,0
Andhra Pradesh,Mahaboobnagar,2001,1,1,0,0,0,0,6,0,11,0
Andhra Pradesh,Medak,2001,0,1,0,0,0,1,0,0,4,3
Andhra Pradesh,Nalgonda,2001,1,4,0,0,0,0,1,0,12,0
Andhra Pradesh,Nellore,2001,1,1,0,0,0,0,3,0,11,12
Andhra Pradesh,Nizamabad,2001,0,0,0,0,0,0,1,0,0,12
Andhra Pradesh,Prakasham,2001,0,0,0,0,0,0,4,0,8,0
Andhra Pradesh,Ranga Reddy,2001,0,2,0,0,0,0,4,1,10,33
Andhra Pradesh,Secunderabad Rly.,2001,0,0,0,0,0,0,0,0,0,0
Andhra Pradesh,Srikakulam,2001,0,0,0,0,0,0,0,0,0,0
Andhra Pradesh,Vijayawada,2001,0,0,1,0,0,0,31,4,1,14
Andhra Pradesh,Vijayawada Rly.,2001,0,0,0,0,0,0,0,0,0,0
Andhra Pradesh,Visakha Rural,2001,0,0,0,0,0,0,0,0,0,0
Andhra Pradesh,Visakhapatnam,2001,0,0,0,0,0,0,0,0,2,0
Andhra Pradesh,Vizianagaram,2001,0,0,0,0,0,0,0,21,3,5
Andhra Pradesh,Warangal,2001,0,5,0,0,0,0,3,0,25,45
Andhra Pradesh,West Godavari,2001,0,0,0,0,0,0,1,0,3,2
Andhra Pradesh,Total,2001,4,21,5,0,0,1,106,26,129,220
Arunachal Pradesh,Changlang,2001,0,0,0,0,0,0,4,0,0,1
Arunachal Pradesh,Dibang Valley,2001,0,0,2,0,0,0,2,0,0,4
Arunachal Pradesh,Kameng East,2001,0,0,0,0,0,0,0,0,0,0
Arunachal Pradesh,Kameng West,2001,0,0,0,0,0,0,0,0,0,0
Arunachal Pradesh,Lohit,2001,1,0,1,0,0,0,0,0,0,6
Arunachal Pradesh,Papum Pare,2001,1,1,1,0,0,0,6,0,0,17
Arunachal Pradesh,Siang East,2001,2,2,1,0,0,0,0,0,0,4
Arunachal Pradesh,Siang Upper,2001,0,1,0,0,0,1,6,0,0,4
Arunachal Pradesh,Siang West,2001,0,1,2,0,0,0,0,0,0,0
Arunachal Pradesh,Subansiri Lower,2001,0,0,0,0,0,0,0,0,0,0
Arunachal Pradesh,Subansiri Upper,2001,0,0,0,0,0,0,0,0,0,0
Arunachal Pradesh,Tawang,2001,0,0,0,0,0,0,0,0,0,0
Arunachal Pradesh,Tirap,2001,0,0,0,0,0,0,0,0,0,1
Assam,Barpeta,2001,0,0,0,0,0,0,0,0,0,0
Assam,Bongaigaon,2001,0,0,0,0,0,0,0,0,0,0
Assam,C.I.D.,2001,0,0,0,0,0,0,0,0,0,0
Assam,Cachar,2001,0,0,0,0,0,0,0,0,0,0
Assam,Darrang,2001,0,0,0,0,0,0,0,0,0,0
Assam,Dhemaji,2001,0,0,0,0,0,0,0,0,0,0
Assam,Dhubri,2001,0,0,0,0,0,0,0,0,0,0
Assam,Dibrugarh,2001,0,0,0,0,0,0,0,0,0,0
Assam,G.R.P.,2001,0,0,0,0,0,0,0,0,0,0
Assam,Goalpara,2001,0,0,0,0,0,0,0,0,0,0
Assam,Golaghat,2001,0,0,0,0,0,0,0,0,0,0
Assam,Guwahati City,2001,0,0,0,0,0,0,0,0,0,0
Assam,Hailakandi,2001,0,0,0,0,0,0,0,0,0,0
Assam,Jorhat,2001,0,0,0,0,0,0,0,0,0,0
Assam,Kamrup,2001,0,0,0,0,0,0,0,0,0,0
Assam,Karbi Anglong,2001,0,0,0,0,0,0,0,0,0,0
Assam,Karimganj,2001,0,0,0,0,0,0,0,0,0,0
Assam,Kokrajhar,2001,0,0,0,0,0,0,0,0,0,0
Assam,Lakhimpur,2001,0,0,0,0,0,0,0,0,0,0
Assam,Morigaon,2001,0,0,0,0,0,0,0,0,0,0
Assam,N.C. Hills,2001,0,0,0,0,0,0,0,0,0,0
Assam,Nagaon,2001,0,0,0,0,0,0,0,0,0,0
Assam,Nalbari,2001,0,0,0,0,0,0,0,0,0,0
Assam,R.P.O.,2001,0,0,0,0,0,0,0,0,0,0
Assam,Sibsagar,2001,0,0,0,0,0,0,0,0,0,0
Assam,Sonitpur,2001,0,0,0,0,0,0,0,0,0,0
Assam,Tinsukia,2001,0,0,0,0,0,0,0,0,0,0
Bihar,Araria,2001,1,1,1,0,0,0,0,0,0,1
Bihar,Arwal,2001,0,0,0,0,0,0,0,0,0,0
Bihar,Aurangabad,2001,0,0,0,0,0,0,0,0,0,9
Bihar,Bagaha,2001,0,0,0,0,0,0,0,6,0,0
Bihar,Banka,2001,0,0,0,0,0,0,0,0,0,0
Bihar,Begusarai,2001,0,0,0,0,0,0,0,0,0,0
Bihar,Bettiah,2001,0,0,0,0,0,0,0,0,0,0
Bihar,Bhabhua,2001,0,0,0,0,0,0,0,0,0,3
Bihar,Bhagalpur,2001,0,0,0,0,0,0,0,0,0,0
Bihar,Bhojpur,2001,0,0,0,0,0,0,0,0,0,0
Bihar,Buxar,2001,0,0,0,0,0,0,0,0,0,0
Bihar,Darbhanga,2001,0,0,0,0,0,0,0,0,0,0
Bihar,Gaya,2001,0,0,0,0,0,0,0,0,0,0
Bihar,Gopalganj,2001,0,0,0,0,0,0,0,0,0,0
Bihar,Jamalpur Rly.,2001,0,0,0,0,0,0,0,0,0,0
Bihar,Jamui,2001,0,0,0,0,0,0,2,2,0,1
Bihar,Jehanabad,2001,0,0,0,0,0,0,0,0,0,0
Bihar,Katihar,2001,0,0,0,0,0,0,1,0,3,0
Bihar,Katihar Rly.,2001,0,0,0,0,0,0,0,0,0,0
Bihar,Khagaria,2001,0,0,0,0,0,0,0,0,0,0
Bihar,Kishanganj,2001,0,2,0,0,0,0,0,0,4,2
Bihar,Lakhisarai,2001,0,1,0,0,0,0,0,0,0,0
Bihar,Madhepura,2001,0,0,0,0,0,0,0,0,0,0
Bihar,Madhubani,2001,0,0,0,0,0,0,0,0,0,0
Bihar,Motihari,2001,0,0,0,0,0,0,0,0,0,0
Bihar,Munger,2001,0,0,0,0,0,0,0,0,0,0
Bihar,Muzaffarpur,2001,0,0,0,0,0,0,0,0,0,0
Bihar,Muzaffarpur Rly.,2001,0,0,0,0,0,0,0,0,0,0
Bihar,Nalanda,2001,0,0,0,0,0,0,0,0,0,0
Bihar,Naugachia,2001,0,0,0,0,0,0,0,0,0,0
Bihar,Nawadah,2001,0,0,0,0,0,0,0,0,0,0
Bihar,Patna,2001,0,0,0,0,0,0,0,0,1,1
Bihar,Patna Rly.,2001,0,0,0,0,0,0,0,0,0,0
Bihar,Purnea,2001,0,0,0,0,0,0,0,0,0,1
Bihar,Rohtas,2001,0,0,0,0,0,0,2,0,2,0
Bihar,Saharsa,2001,0,0,0,0,0,0,0,0,0,0
Bihar,Samastipur,2001,0,0,0,0,0,0,0,0,0,0
Bihar,Saran,2001,0,0,0,0,0,0,0,0,0,0
Bihar,Sheikhpura,2001,0,0,0,0,0,0,0,0,0,0
Bihar,Sheohar,2001,0,0,0,0,0,0,0,0,0,0
Bihar,Sitamarhi,2001,0,0,0,0,0,0,0,0,0,0
Bihar,Siwan,2001,0,0,0,0,0,0,0,0,0,0
Bihar,Supaul,2001,0,0,0,0,0,0,0,0,0,0
Bihar,Vaishali,2001,0,0,0,0,0,0,0,0,0,0
Chhattisgarh,Balrampur,2001,0,0,0,0,0,0,0,0,0,0
Chhattisgarh,Bilaspur,2001,3,7,1,0,1,0,8,0,6,26
Chhattisgarh,Bizapur,2001,0,0,0,0,0,0,0,0,0,0
Chhattisgarh,Dantewara,2001,0,5,1,0,0,0,0,0,0,6
Chhattisgarh,Dhamtari,2001,0,0,0,0,0,0,1,0,0,7
Chhattisgarh,Durg,2001,0,12,0,0,0,0,5,0,0,42
Chhattisgarh,Grp Raipur,2001,0,0,0,0,0,0,0,0,0,0
Chhattisgarh,Jagdalpur,2001,1,11,0,0,0,1,1,2,0,39
Chhattisgarh,Janjgir,2001,3,0,0,0,0,0,1,0,0,4
Chhattisgarh,Jashpur,2001,0,4,0,0,0,0,1,0,0,10
Chhattisgarh,Kanker,2001,6,7,1,0,0,0,1,0,0,9
Chhattisgarh,Korba,2001,4,3,0,0,0,0,15,0,0,41
Chhattisgarh,Koriya,2001,0,1,0,0,0,0,0,0,0,4
Chhattisgarh,Mahasamund,2001,0,3,1,0,1,0,1,0,0,17
Chhattisgarh,Raigarh,2001,0,7,0,0,0,0,0,0,0,9
Chhattisgarh,Raipur,2001,0,7,1,1,4,0,22,0,0,46
Chhattisgarh,Rajnandgaon,2001,0,0,0,0,0,0,0,0,0,0
Chhattisgarh,Sarguja,2001,1,20,0,0,1,0,7,0,0,36
Goa,North Goa,2001,0,0,0,0,0,0,0,0,0,0
Goa,South Goa,2001,0,0,0,0,0,0,0,0,0,0
Gujarat,Ahmedabad Commr.,2001,0,0,0,0,0,0,0,0,0,0
Gujarat,Ahmedabad Rural,2001,0,0,0,0,0,0,0,0,0,0
Gujarat,Ahwa-Dang,2001,0,1,0,0,0,0,0,0,0,0
Gujarat,Amreli,2001,0,0,0,0,0,0,2,0,0,2
Gujarat,Anand,2001,0,0,0,0,0,0,0,0,0,0
Gujarat,Bharuch,2001,0,2,0,0,0,0,8,0,13,0
Gujarat,Bhavnagar,2001,0,0,0,0,0,0,0,0,0,2
Gujarat,Dahod,2001,0,0,0,12,32,0,2,0,0,6
Gujarat,Gandhinagar,2001,0,0,0,0,0,0,0,0,0,4
Gujarat,Himatnagar,2001,0,1,3,0,1,1,1,0,8,8
Gujarat,Jamnagar,2001,0,1,0,0,0,0,0,0,0,1
Gujarat,Junagadh,2001,0,0,0,0,0,0,0,0,2,0
Gujarat,Kheda North,2001,0,0,0,0,0,1,0,0,0,0
Gujarat,Kutch,2001,0,0,0,0,0,0,17,0,1,0
Gujarat,Mehsana,2001,0,0,0,0,0,0,0,0,0,0
Gujarat,Narmada,2001,0,1,1,0,0,0,0,0,1,0
Gujarat,Navsari,2001,0,2,0,0,0,0,0,0,5,5
Gujarat,Palanpur,2001,1,1,0,0,0,1,1,0,7,14
Gujarat,Panchmahal,2001,2,2,0,0,0,1,2,3,24,6
Gujarat,Patan,2001,0,1,0,0,0,0,0,0,0,1
Gujarat,Porbandar,2001,0,0,0,0,0,0,0,0,0,1
Gujarat,Rajkot Commr.,2001,0,0,0,0,0,0,1,0,2,1
Gujarat,Rajkot Rural,2001,0,0,0,0,0,0,3,0,1,1
Gujarat,Surat Commr.,2001,0,2,0,0,0,0,1,0,4,2
Gujarat,Surat Rural,2001,1,2,0,0,0,0,0,0,6,3
Gujarat,Surendranagar,2001,0,1,1,0,0,0,0,0,0,1
Gujarat,Vadodara Commr.,2001,1,1,0,0,0,0,2,0,1,3
Gujarat,Vadodara Rural,2001,2,4,1,0,0,1,7,0,7,14
Gujarat,Valsad,2001,0,1,0,0,0,0,0,0,7,6
Gujarat,W.Rly,2001,0,0,0,0,0,0,0,0,1,2
Haryana,Ambala,2001,0,0,0,0,0,0,0,0,0,0
Haryana,Bhiwani,2001,0,0,0,0,0,0,0,0,0,0
Haryana,Faridabad,2001,0,0,0,0,0,0,0,0,0,0
Haryana,Fatehabad,2001,0,0,0,0,0,0,0,0,0,0
Haryana,Grp,2001,0,0,0,0,0,0,0,0,0,0
Haryana,Gurgaon,2001,0,0,0,0,0,0,0,0,0,0
Haryana,Hisar,2001,0,0,0,0,0,0,0,0,0,0
Haryana,Jhajjar,2001,0,0,0,0,0,0,0,0,0,0
Haryana,Jind,2001,0,0,0,0,0,0,0,0,0,0
Haryana,Kaithal,2001,0,0,0,0,0,0,0,0,0,0
Haryana,Karnal,2001,0,0,0,0,0,0,0,0,0,0
Haryana,Kurukshetra,2001,0,0,0,0,0,0,0,0,0,0
Haryana,Mahendergarh,2001,0,0,0,0,0,0,0,0,0,0
Haryana,Panchkula,2001,0,0,0,0,0,0,0,0,0,0
Haryana,Panipat,2001,0,0,0,0,0,0,0,0,0,0
Haryana,Rewari,2001,0,0,0,0,0,0,0,0,0,0
Haryana,Rohtak,2001,0,0,0,0,0,0,0,0,0,0
Haryana,Sirsa,2001,0,0,0,0,0,0,0,0,0,0
Haryana,Sonipat,2001,0,0,0,0,0,0,0,0,0,0
Haryana,Yamunanagar,2001,0,0,0,0,0,0,0,0,0,0
Himachal Pradesh,Chamba,2001,0,0,0,0,0,0,0,0,1,1
Himachal Pradesh,Hamirpur,2001,0,0,0,0,0,0,0,0,0,0
Himachal Pradesh,Kangra,2001,0,0,0,0,0,0,0,0,0,0
Himachal Pradesh,Kinnaur,2001,0,0,0,0,0,0,0,0,0,0
Himachal Pradesh,Kullu,2001,0,0,0,0,0,0,0,0,0,0
Himachal Pradesh,Lahaul-Spiti,2001,0,0,0,0,0,0,0,0,0,0
Himachal Pradesh,Mandi,2001,0,0,0,0,0,0,0,0,1,0
Himachal Pradesh,Shimla,2001,0,0,0,0,0,0,0,0,0,0
Himachal Pradesh,Sirmaur,2001,0,0,0,0,0,0,0,0,0,0
Himachal Pradesh,Solan,2001,0,0,0,0,0,0,0,0,0,0
Himachal Pradesh,Una,2001,0,0,0,0,0,0,0,0,0,0
Jammu & Kashmir,Anantnag,2001,0,0,0,0,0,0,0,0,0,0
Jammu & Kashmir,Awantipora,2001,0,0,0,0,0,0,0,0,0,0
Jammu & Kashmir,Baramulla,2001,0,0,0,0,0,0,0,0,0,0
Jammu & Kashmir,Border,2001,0,0,0,0,0,0,0,0,0,0
Jammu & Kashmir,Budgam,2001,0,0,0,0,0,0,0,0,0,0
Jammu & Kashmir,Crime Jammu,2001,0,0,0,0,0,0,0,0,0,0
Jammu & Kashmir,Crime Srinagar,2001,0,0,0,0,0,0,0,0,0,0
Jammu & Kashmir,Doda,2001,0,0,0,0,0,0,0,0,0,0
Jammu & Kashmir,Ganderbal,2001,0,0,0,0,0,0,0,0,0,0
Jammu & Kashmir,Jammu,2001,0,0,0,0,0,0,0,0,0,0
Jammu & Kashmir,Kargil,2001,0,0,0,0,0,0,0,0,0,0
Jammu & Kashmir,Kathua,2001,0,0,0,0,0,0,0,0,0,0
Jammu & Kashmir,Kulgam,2001,0,0,0,0,0,0,0,0,0,0
Jammu & Kashmir,Kupwara,2001,0,0,0,0,0,0,0,0,0,0
Jammu & Kashmir,Leh,2001,0,0,0,0,0,0,0,0,0,0
Jammu & Kashmir,Poonch,2001,0,0,0,0,0,0,0,0,0,0
Jammu & Kashmir,Pulwama,2001,0,0,0,0,0,0,0,0,0,0
Jammu & Kashmir,Railways,2001,0,0,0,0,0,0,0,0,0,0
Jammu & Kashmir,Rajouri,2001,0,0,0,0,0,0,0,0,0,0
Jammu & Kashmir,Ramban,2001,0,0,0,0,0,0,0,0,0,0
Jammu & Kashmir,Reasi,2001,0,0,0,0,0,0,0,0,0,0
Jammu & Kashmir,Srinagar,2001,0,0,0,0,0,0,0,0,0,0
Jammu & Kashmir,Udhampur,2001,0,0,0,0,0,0,0,0,0,0
Jharkhand,Bokaro,2001,0,0,0,0,0,0,0,0,0,2
Jharkhand,Chaibasa,2001,0,0,0,0,0,0,0,0,0,0
Jharkhand,Chatra,2001,1,4,2,0,0,32,2,0,0,13
Jharkhand,Deoghar,2001,0,0,0,0,0,0,0,0,0,0
Jharkhand,Dhanbad,2001,0,1,0,0,0,0,3,0,0,0
Jharkhand,Dhanbad Rly.,2001,0,0,0,0,0,0,0,0,0,0
Jharkhand,Dumka,2001,0,1,1,0,0,0,7,0,8,36
Jharkhand,Garhwa,2001,0,1,0,0,1,0,3,0,0,0
Jharkhand,Giridih,2001,0,0,0,0,0,0,0,0,0,8
Jharkhand,Godda,2001,0,0,0,0,0,0,0,0,0,0
Jharkhand,Gumala,2001,0,1,0,0,0,0,0,0,0,6
Jharkhand,Hazaribagh,2001,0,0,0,0,0,0,5,0,0,0
Jharkhand,Jamshedpur,2001,0,4,0,0,0,0,6,0,12,0
Jharkhand,Jamshedpur Rly.,2001,0,0,0,0,0,0,0,0,0,0
Jharkhand,Jamtara,2001,0,0,0,0,0,0,0,0,0,0
Jharkhand,Koderma,2001,0,0,0,0,0,0,0,0,0,0
Jharkhand,Latehar,2001,0,0,0,0,0,0,0,0,0,0
Jharkhand,Lohardagga,2001,0,0,0,0,0,0,0,0,0,0
Jharkhand,Pakur,2001,0,0,0,0,0,0,0,0,0,0
Jharkhand,Palamu,2001,0,1,0,0,0,0,0,0,0,2
Jharkhand,Ranchi,2001,18,5,2,0,3,0,0,0,0,38
Jharkhand,Sahebganj,2001,1,4,1,0,0,32,2,0,0,13
Jharkhand,Saraikela,2001,0,0,0,0,0,0,0,0,0,0
Jharkhand,Simdega,2001,0,0,0,0,0,0,0,0,0,0
Karnataka,Bagalkot,2001,0,0,0,0,0,0,3,0,7,3
Karnataka,Bangalore Commr.,2001,0,0,0,0,0,0,7,0,0,0
Karnataka,Bangalore Rural,2001,0,0,0,0,0,0,1,8,55,4
Karnataka,Belgaum,2001,0,0,0,0,0,0,0,0,6,0
Karnataka,Bellary,2001,0,0,0,0,0,0,0,0,65,0
Karnataka,Bidar,2001,0,0,0,0,0,0,0,0,3,0
Karnataka,Bijapur,2001,0,0,0,0,0,0,2,0,2,0
Karnataka,Chamarajnagar,2001,0,0,0,0,0,0,0,0,0,0
Karnataka,Chickmagalur,2001,0,0,0,0,0,0,0,0,1,0
Karnataka,Chitradurga,2001,0,0,0,0,0,1,1,3,8,14
Karnataka,Dakshin Kannada,2001,0,0,0,0,0,0,0,0,0,0
Karnataka,Davanagere,2001,0,1,0,0,0,0,3,1,8,3
Karnataka,Dharwad Commr.,2001,0,0,0,0,0,0,0,0,0,0
Karnataka,Dharwad Rural,2001,0,0,0,0,0,0,2,0,6,3
Karnataka,Gadag,2001,0,0,0,0,0,0,0,0,1,0
Karnataka,Gulbarga,2001,0,0,0,0,0,0,0,0,0,0
Karnataka,Hassan,2001,0,0,0,0,0,0,0,0,0,0
Karnataka,Haveri,2001,0,0,0,0,0,0,0,0,4,4
Karnataka,K.G.F.,2001,0,0,0,0,0,0,0,0,0,0
Karnataka,Kodagu,2001,1,0,0,0,0,0,1,0,4,0
Karnataka,Kolar,2001,0,1,0,0,0,0,0,0,1,1
Karnataka,Koppal,2001,0,0,0,0,0,0,0,0,0,0
Karnataka,Mandya,2001,0,0,0,0,0,0,0,0,0,0
Karnataka,Mysore Commr.,2001,0,0,0,0,0,0,0,0,6,0
Karnataka,Mysore Rural,2001,0,0,0,0,0,0,0,0,0,0
Karnataka,Raichur,2001,0,0,0,0,0,0,0,0,20,0
Karnataka,Shimoga,2001,0,0,0,0,0,0,1,0,1,0
Karnataka,Tumkur,2001,0,0,0,0,0,0,0,1,4,0
Karnataka,Udupi,2001,0,0,0,0,0,0,0,0,2,2
Karnataka,Uttar Kannada,2001,0,0,0,0,0,0,0,0,0,0
Kerala,Alapuzha,2001,0,0,0,0,0,0,0,0,0,0
Kerala,Cbcid,2001,0,0,0,0,0,0,0,0,0,0
Kerala,Ernakulam,2001,0,1,0,0,0,0,0,0,0,0
Kerala,Idukki,2001,0,2,0,0,0,0,2,0,4,0
Kerala,Kannur,2001,1,3,0,0,0,0,0,0,0,2
Kerala,Kasargod,2001,0,0,0,0,0,0,1,0,1,2
Kerala,Kollam,2001,0,2,0,0,0,0,2,0,0,1
Kerala,Kottayam,2001,0,0,0,0,0,0,0,0,7,0
Kerala,Kozhikode,2001,0,2,0,0,0,0,0,0,0,1
Kerala,Malappuram,2001,0,0,0,0,0,0,0,0,0,2
Kerala,Palakkad,2001,1,1,0,0,0,0,8,0,1,4
Kerala,Pathanamthitta,2001,0,0,0,0,0,0,0,0,0,1
Kerala,Thrissur,2001,1,1,0,0,0,0,1,0,0,1
Kerala,Trivandrum,2001,0,1,0,0,0,0,1,0,1,1
Kerala,Wayanadu,2001,1,10,0,0,0,0,5,0,0,7
Madhya Pradesh,Balaghat,2001,1,6,0,0,0,0,5,0,20,16
Madhya Pradesh,Barwani,2001,2,3,0,0,0,0,6,0,16,16
Madhya Pradesh,Betul,2001,0,15,0,0,0,0,6,0,0,12
Madhya Pradesh,Bhind,2001,0,1,0,0,0,0,0,0,0,25
Madhya Pradesh,Bhopal,2001,1,4,0,0,0,1,11,0,12,37
Madhya Pradesh,Bhopal Rly.,2001,0,0,0,0,0,0,0,0,0,0
Madhya Pradesh,Chhatarpur,2001,0,6,0,0,0,0,10,0,0,6
Madhya Pradesh,Chhindwara,2001,2,13,2,0,0,0,4,0,0,23
Madhya Pradesh,Damoh,2001,0,0,0,0,0,0,0,0,0,0
Madhya Pradesh,Datiya,2001,0,1,0,0,1,0,0,0,2,2
Madhya Pradesh,Dewas,2001,0,0,0,0,0,0,0,0,0,0
Madhya Pradesh,Dhar,2001,3,8,0,0,0,0,25,0,0,0
Madhya Pradesh,Dindori,2001,0,0,0,0,0,0,7,0,14,0
Madhya Pradesh,Guna,2001,2,15,0,0,0,1,2,0,2,78
Madhya Pradesh,Gwalior,2001,1,3,0,0,0,0,6,0,14,49
Madhya Pradesh,Harda,2001,0,5,0,0,0,0,3,0,0,9
Madhya Pradesh,Hoshangabad,2001,1,11,0,0,0,0,6,0,0,0
Madhya Pradesh,Indore,2001,0,1,0,0,0,0,6,0,18,74
Madhya Pradesh,Indore Rly.,2001,0,0,0,0,0,0,0,0,0,0
Madhya Pradesh,Jabalpur,2001,2,6,0,0,0,0,2,0,0,10
Madhya Pradesh,Jabalpur Rly.,2001,0,0,0,0,0,0,0,0,0,0
Madhya Pradesh,Jhabua,2001,0,0,0,0,0,0,0,0,0,0
Madhya Pradesh,Katni,2001,0,1,2,0,0,0,1,0,0,4
Madhya Pradesh,Khandwa,2001,2,15,0,0,0,0,42,0,0,40
Madhya Pradesh,Khargon,2001,0,0,0,0,0,0,0,0,0,0
Madhya Pradesh,Mandla,2001,1,10,3,0,1,0,7,0,45,0
Madhya Pradesh,Mandsaur,2001,0,2,0,0,0,0,0,0,0,10
Madhya Pradesh,Morena,2001,0,0,0,0,0,0,0,0,0,13
Madhya Pradesh,Narsinghpur,2001,0,8,0,0,0,0,8,0,0,24
Madhya Pradesh,Neemuch,2001,0,3,0,0,0,0,0,1,0,5
Madhya Pradesh,Panna,2001,1,6,0,0,0,0,2,0,15,25
Madhya Pradesh,Raisen,2001,0,0,0,0,0,0,0,0,0,0
Madhya Pradesh,Rajgarh,2001,1,6,0,0,0,1,2,0,20,29
Madhya Pradesh,Ratlam,2001,1,7,0,0,0,0,4,0,0,58
Madhya Pradesh,Rewa,2001,0,5,0,0,0,0,4,0,6,10
Madhya Pradesh,Sagar,2001,1,11,0,0,0,1,3,0,7,34
Madhya Pradesh,Satna,2001,0,5,0,0,1,1,1,0,0,37
Madhya Pradesh,Seoni,2001,0,12,0,0,0,0,5,0,10,37
Madhya Pradesh,Shahdol,2001,0,9,0,0,0,0,0,0,0,33
Madhya Pradesh,Shajapur,2001,0,2,0,0,0,0,2,0,0,7
Madhya Pradesh,Sheopur,2001,1,3,2,0,0,0,2,0,0,9
Madhya Pradesh,Shivpuri,2001,2,11,1,0,0,0,0,1,0,22
Madhya Pradesh,Sidhi,2001,0,3,1,0,0,0,1,0,18,8
Madhya Pradesh,Sihore,2001,1,6,2,0,0,0,0,0,0,15
Madhya Pradesh,Tikamgarh,2001,2,3,1,0,0,0,9,0,21,6
Madhya Pradesh,Ujjain,2001,0,1,0,0,0,0,3,0,3,7
Madhya Pradesh,Umariya,2001,0,3,0,0,0,1,0,0,0,5
Madhya Pradesh,Vidisha,2001,0,8,0,0,0,1,0,0,0,10
Maharashtra,Ahmednagar,2001,1,4,0,0,0,0,0,0,0,2
Maharashtra,Akola,2001,0,0,0,0,0,1,0,0,0,2
Maharashtra,Amravati Commr.,2001,0,0,0,0,0,0,0,0,0,0
Maharashtra,Amravati Rural,2001,0,3,1,0,0,0,0,0,0,8
Maharashtra,Aurangabad Commr.,2001,0,0,0,0,0,0,0,0,0,0
Maharashtra,Aurangabad Rural,2001,0,1,0,0,0,0,0,0,0,0
Maharashtra,Beed,2001,0,0,0,0,0,1,0,0,0,0
Maharashtra,Bhandara,2001,0,1,0,0,0,0,0,0,0,0
Maharashtra,Buldhana,2001,0,2,0,0,0,0,0,0,4,0
Maharashtra,Chandrapur,2001,0,6,0,0,0,0,0,0,0,5
Maharashtra,Dhule,2001,2,3,0,0,0,0,1,0,1,3
Maharashtra,Gadchiroli,2001,0,0,0,0,0,0,0,0,2,3
Maharashtra,Gondia,2001,0,1,0,0,0,0,0,0,0,4
Maharashtra,Hingoli,2001,0,1,0,0,0,0,1,0,0,1
Maharashtra,Jalgaon,2001,0,0,0,0,0,0,0,0,1,5
Maharashtra,Jalna,2001,0,0,0,0,0,0,0,0,0,1
Maharashtra,Kolhapur,2001,0,0,0,0,0,0,0,0,0,0
Maharashtra,Latur,2001,0,0,0,0,0,0,0,0,0,0
Maharashtra,Mumbai,2001,0,0,0,0,0,0,0,0,0,0
Maharashtra,Mumbai Rly.,2001,0,0,0,0,0,0,0,0,0,0
Maharashtra,Nagpur Commr.,2001,0,0,0,0,0,0,0,0,1,1
Maharashtra,Nagpur Rly.,2001,1,0,0,0,0,0,0,0,0,0
Maharashtra,Nagpur Rural,2001,0,2,0,0,0,0,0,0,2,4
Maharashtra,Nanded,2001,0,0,0,0,0,0,0,0,0,0
Maharashtra,Nandurbar,2001,0,1,0,0,0,0,4,0,6,11
Maharashtra,Nasik Commr.,2001,0,3,0,0,0,0,0,0,1,0
Maharashtra,Nasik Rural,2001,1,9,0,0,0,0,1,0,1,9
Maharashtra,Navi Mumbai,2001,0,0,0,0,0,0,0,0,3,0
Maharashtra,Osmanabad,2001,0,0,0,0,0,0,0,0,0,1
Maharashtra,Parbhani,2001,0,0,0,0,0,0,0,0,3,0
Maharashtra,Pune Commr.,2001,0,0,0,0,0,0,0,0,0,0
Maharashtra,Pune Rly.,2001,0,0,0,0,0,0,0,0,0,0
Maharashtra,Pune Rural,2001,1,1,0,0,0,0,0,0,1,1
Maharashtra,Raigad,2001,0,2,0,0,0,0,1,0,1,5
Maharashtra,Ratnagiri,2001,0,0,0,0,0,0,0,0,0,0
Maharashtra,Sangli,2001,0,0,0,0,0,0,0,0,0,0
Maharashtra,Satara,2001,0,3,0,0,0,0,0,0,0,1
Maharashtra,Sindhudurg,2001,0,0,0,0,0,0,0,0,0,0
Maharashtra,Solapur Commr.,2001,0,0,0,0,0,0,0,0,0,2
Maharashtra,Solapur Rural,2001,0,0,0,0,0,0,0,0,0,0
Maharashtra,Thane Commr.,2001,0,0,0,0,0,0,0,0,2,4
Maharashtra,Thane Rural,2001,0,9,2,0,0,1,6,0,7,19
Maharashtra,Wardha,2001,0,2,0,0,0,0,0,0,0,0
Maharashtra,Washim,2001,0,0,0,0,0,0,0,0,0,1
Maharashtra,Yavatmal,2001,0,6,1,0,0,0,0,0,5,17
Manipur,Bishnupur,2001,0,0,0,0,0,0,0,0,0,0
Manipur,Chandel,2001,0,0,0,0,0,0,0,0,0,0
Manipur,Churachandpur,2001,0,0,0,0,0,0,0,0,0,0
Manipur,Imphal(East),2001,0,0,0,0,0,0,0,0,0,0
Manipur,Imphal(West),2001,0,0,0,0,0,0,0,0,0,0
Manipur,Senapati,2001,0,0,0,0,0,0,0,0,0,0
Manipur,Tamenglong,2001,0,0,0,0,0,0,0,0,0,0
Manipur,Thoubal,2001,0,0,0,0,0,0,0,0,0,0
Manipur,Ukhrul,2001,0,0,0,0,0,0,0,0,0,0
Meghalaya,Garo Hills East,2001,0,0,0,0,0,0,0,0,0,0
Meghalaya,Garo Hills South,2001,0,0,0,0,0,0,0,0,0,0
Meghalaya,Garo Hills West,2001,0,0,0,0,0,0,0,0,0,0
Meghalaya,Jaintia Hills,2001,0,0,0,0,0,0,0,0,0,0
Meghalaya,Khasi Hills East,2001,0,0,0,0,0,0,0,0,0,0
Meghalaya,Khasi Hills West,2001,0,0,0,0,0,0,0,0,0,0
Meghalaya,Ri-Bhoi,2001,0,0,0,0,0,0,0,0,0,0
Mizoram,Aizawl,2001,0,0,0,0,0,0,0,0,0,0
Mizoram,Champhai,2001,0,1,0,0,0,0,2,0,0,0
Mizoram,Kolasib,2001,0,1,0,0,0,1,1,0,0,0
Mizoram,Lawngtlai,2001,0,0,0,1,0,0,1,0,0,0
Mizoram,Lunglei,2001,0,0,0,0,0,0,0,0,0,0
Mizoram,Mamit,2001,0,0,0,0,0,0,0,0,0,0
Mizoram,Saiha,2001,0,0,0,0,0,0,0,0,0,0
Mizoram,Serchhip,2001,0,0,1,0,0,0,1,0,0,0
Nagaland,Dimapur,2001,0,0,0,0,0,0,0,0,0,0
Nagaland,Kiphire,2001,0,0,0,0,0,0,0,0,0,0
Nagaland,Kohima,2001,24,5,2,1,18,0,5,0,0,131
Nagaland,Mokokchung,2001,0,0,0,0,0,0,0,0,0,0
Nagaland,Mon,2001,2,1,1,0,3,0,4,0,0,5
Nagaland,Peren,2001,0,0,0,0,0,0,0,0,0,0
Nagaland,Phek,2001,6,0,1,1,1,0,4,0,0,51
Nagaland,Tuensang,2001,0,0,0,0,0,0,0,0,0,0
Nagaland,Wokha,2001,11,0,1,0,2,0,4,0,0,23
Nagaland,Zunheboto,2001,3,0,0,0,0,0,0,0,0,0
Odisha,Angul,2001,0,0,0,0,0,0,52,0,15,257
Odisha,Balasore,2001,0,0,0,0,0,0,12,0,0,3
Odisha,Baragarh,2001,0,0,0,0,0,0,0,0,0,19
Odisha,Berhampur,2001,0,0,0,0,0,0,0,0,0,0
Odisha,Bhadrak,2001,0,0,0,0,0,0,0,0,2,0
Odisha,Bolangir,2001,2,3,0,0,0,0,13,0,18,0
Odisha,Boudh,2001,0,0,0,0,0,0,0,0,0,0
Odisha,Cuttack,2001,0,0,0,0,0,0,0,0,0,0
Odisha,Deogarh,2001,0,1,0,0,0,0,0,4,0,1
Odisha,Dhenkanal,2001,0,0,0,0,0,0,0,0,0,0
Odisha,Gajapati,2001,1,1,1,0,0,1,2,0,6,0
Odisha,Ganjam,2001,0,0,0,0,0,0,6,0,6,0
Odisha,Jagatsinghpur,2001,0,0,0,0,0,0,0,0,0,0
Odisha,Jajpur,2001,0,0,0,0,0,0,0,0,0,0
Odisha,Jharsuguda,2001,0,1,0,0,0,0,2,0,0,2
Odisha,Kalahandi,2001,0,1,1,0,0,0,9,0,0,5
Odisha,Kandhamal,2001,0,1,1,0,0,0,6,0,8,0
Odisha,Kendrapara,2001,0,0,0,0,0,0,1,0,0,0
Odisha,Keonjhar,2001,0,3,0,0,0,0,0,0,0,23
Odisha,Khurda,2001,0,0,0,0,0,0,0,0,0,0
Odisha,Koraput,2001,0,2,0,0,0,0,0,0,10,0
Odisha,Malkangir,2001,0,2,0,0,1,0,3,0,12,1
Odisha,Mayurbhanj,2001,0,9,0,0,0,3,0,0,47,35
Odisha,Nayagarh,2001,0,0,0,0,0,0,0,0,0,0
Odisha,Nowrangpur,2001,0,0,0,0,1,0,3,0,12,12
Odisha,Nuapada,2001,0,0,1,0,0,0,8,0,17,8
Odisha,Puri,2001,0,0,0,0,0,0,0,0,0,0
Odisha,Rayagada,2001,0,0,0,0,0,0,0,0,0,9
Odisha,Rourkela,2001,0,0,0,0,0,0,0,0,0,0
Odisha,Sambalpur,2001,0,0,1,0,0,0,7,0,0,24
Odisha,Sonepur,2001,0,0,0,0,0,0,0,0,0,0
Odisha,Srp(Cuttack),2001,0,0,0,0,0,0,0,0,0,0
Odisha,Srp(Rourkela),2001,0,0,0,0,0,0,0,0,0,2
Odisha,Sundargarh,2001,1,4,1,0,0,0,0,0,0,8
Punjab,Amritsar,2001,0,0,0,0,0,0,0,0,0,0
Punjab,Barnala,2001,0,0,0,0,0,0,0,0,0,0
Punjab,Batala,2001,0,0,0,0,0,0,0,0,0,0
Punjab,Bhatinda,2001,0,0,0,0,0,0,0,0,0,0
Punjab,Faridkot,2001,0,0,0,0,0,0,0,0,0,0
Punjab,Fatehgarh Sahib,2001,0,0,0,0,0,0,0,0,0,0
Punjab,Ferozepur,2001,0,0,0,0,0,0,0,0,0,0
Punjab,G.R.P,2001,0,0,0,0,0,0,0,0,0,0
Punjab,Gurdaspur,2001,0,0,0,0,0,0,0,0,0,0
Punjab,Hoshiarpur,2001,0,0,0,0,0,0,0,0,0,0
Punjab,Jagraon,2001,0,0,0,0,0,0,0,0,0,0
Punjab,Jalandhar,2001,0,0,0,0,0,0,0,0,0,0
Punjab,Kapurthala,2001,0,0,0,0,0,0,0,0,0,0
Punjab,Khanna,2001,0,0,0,0,0,0,0,0,0,0
Punjab,Ludhiana,2001,0,0,0,0,0,0,0,0,0,0
Punjab,Majitha,2001,0,0,0,0,0,0,0,0,0,0
Punjab,Mansa,2001,0,0,0,0,0,0,0,0,0,0
Punjab,Moga,2001,0,0,0,0,0,0,0,0,0,0
Punjab,Muktsar,2001,0,0,0,0,0,0,0,0,0,0
Punjab,Nawan Shahr,2001,0,0,0,0,0,0,0,0,0,0
Punjab,Patiala,2001,0,0,0,0,0,0,0,0,0,0
Punjab,Ropar,2001,0,0,0,0,0,0,0,0,0,0
Punjab,Sangrur,2001,0,0,0,0,0,0,0,0,0,0
Punjab,Tarn Taran,2001,0,0,0,0,0,0,0,0,0,0
Rajasthan,Ajmer,2001,0,0,0,0,0,0,0,0,0,10
Rajasthan,Alwar,2001,0,0,0,0,0,1,1,0,23,0
Rajasthan,Banswara,2001,0,4,2,0,0,0,20,0,22,2
Rajasthan,Baran,2001,1,8,0,0,0,2,0,0,35,0
Rajasthan,Barmer,2001,0,1,0,0,0,0,16,0,13,0
Rajasthan,Bharatpur,2001,0,0,0,0,0,0,0,0,41,0
Rajasthan,Bhilwara,2001,0,2,0,0,0,0,1,0,36,5
Rajasthan,Bikaner,2001,0,0,0,0,0,0,0,0,3,0
Rajasthan,Bundi,2001,0,2,1,0,0,0,1,0,3,37
Rajasthan,Chittorgarh,2001,0,5,0,0,0,0,0,0,56,0
Rajasthan,Churu,2001,0,0,0,0,0,0,2,0,1,2
Rajasthan,Dausa,2001,2,0,0,0,0,1,0,0,1,25
Rajasthan,Dholpur,2001,1,0,0,0,0,0,5,0,0,0
Rajasthan,Dungarpur,2001,0,4,2,0,0,0,1,0,5,19
Rajasthan,Ganganagar,2001,0,0,0,0,0,0,0,0,0,2
Rajasthan,Hanumangarh,2001,0,0,0,0,0,0,0,0,0,0
Rajasthan,Jaipur,2001,2,2,0,0,0,4,1,0,76,0
Rajasthan,Jaisalmer,2001,0,0,0,0,0,0,0,0,23,1
Rajasthan,Jalore,2001,0,1,0,0,0,0,0,0,39,0
Rajasthan,Jhalawar,2001,1,2,1,0,0,0,11,0,12,13
Rajasthan,Jhunjhunu,2001,1,0,0,0,0,0,0,0,14,0
Rajasthan,Jodhpur,2001,0,0,0,0,0,1,0,0,35,0
Rajasthan,Karauli,2001,0,2,0,0,0,0,0,0,39,0
Rajasthan,Kota,2001,3,6,1,0,0,1,19,0,1,48
Rajasthan,Nagaur,2001,0,0,0,0,0,0,0,0,0,2
Rajasthan,Pali,2001,1,2,0,0,0,0,0,0,36,0
Rajasthan,Rajsamand,2001,0,0,0,0,0,0,5,0,9,0
Rajasthan,Sawai Madhopur,2001,0,0,0,0,0,0,2,0,20,0
Rajasthan,Sikar,2001,0,0,0,0,0,2,0,0,2,24
Rajasthan,Sirohi,2001,1,1,0,0,0,0,1,0,33,0
Rajasthan,Tonk,2001,0,0,0,0,0,2,1,0,49,0
Rajasthan,Udaipur,2001,1,3,0,0,0,0,1,0,37,0
Sikkim,East,2001,4,0,0,0,0,0,0,0,0,0
Sikkim,North,2001,0,0,0,0,0,0,0,0,0,0
Sikkim,South,2001,2,0,0,0,0,0,0,0,0,0
Sikkim,West,2001,0,0,0,0,0,0,0,0,0,0
Tamil Nadu,Ariyalur,2001,0,0,0,0,0,0,0,0,0,0
Tamil Nadu,Chengai,2001,0,0,0,0,0,0,0,0,0,0
Tamil Nadu,Chennai,2001,0,0,0,0,0,0,0,0,0,0
Tamil Nadu,Chennai Rly.,2001,0,0,0,0,0,0,0,0,0,0
Tamil Nadu,Coimbatore Rural,2001,0,0,0,0,0,0,0,0,0,0
Tamil Nadu,Coimbatore Urban,2001,0,0,0,0,0,0,0,0,0,0
Tamil Nadu,Cuddalore,2001,0,0,0,0,0,0,0,0,0,0
Tamil Nadu,Dharmapuri,2001,0,0,0,0,0,0,0,0,0,0
Tamil Nadu,Dindigul,2001,0,0,0,0,0,0,0,0,0,0
Tamil Nadu,Erode,2001,0,0,0,0,0,0,0,0,0,0
Tamil Nadu,Kanchipuram,2001,0,0,0,0,0,0,0,0,0,0
Tamil Nadu,Kanyakumari,2001,0,0,0,0,0,0,0,0,0,0
Tamil Nadu,Karur,2001,0,0,0,0,0,0,0,0,0,0
Tamil Nadu,Madurai Rural,2001,0,0,0,0,0,0,0,0,0,0
Tamil Nadu,Madurai Urban,2001,0,0,0,0,0,0,0,0,0,0
Tamil Nadu,Nagapattinam,2001,0,0,0,0,0,0,0,0,0,0
Tamil Nadu,Namakkal,2001,0,0,0,0,0,0,0,0,0,0
Tamil Nadu,Nilgiris,2001,0,0,0,0,0,0,0,0,0,0
Tamil Nadu,Perambalur,2001,0,0,0,0,0,0,0,0,0,0
Tamil Nadu,Pudukottai,2001,0,0,0,0,0,0,0,0,0,0
Tamil Nadu,Ramnathapuram,2001,0,0,0,0,0,0,0,0,0,0
Tamil Nadu,Salem Rural,2001,0,1,0,0,0,2,0,0,0,0
Tamil Nadu,Salem Urban,2001,0,0,0,0,0,0,0,0,0,0
Tamil Nadu,Sivagangai,2001,0,0,0,0,0,0,0,0,0,0
Tamil Nadu,Thanjavur,2001,0,0,0,0,0,0,0,0,0,0
Tamil Nadu,Theni,2001,0,0,0,0,0,0,0,0,0,0
Tamil Nadu,Thirunelveli Rural,2001,0,0,0,0,0,0,0,0,0,0
Tamil Nadu,Thirunelveli Urban,2001,0,0,0,0,0,0,0,0,0,0
Tamil Nadu,Thiruvallur,2001,0,0,0,0,0,0,0,0,0,0
Tamil Nadu,Thiruvannamalai,2001,0,1,0,0,0,1,0,0,2,0
Tamil Nadu,Thiruvarur,2001,0,0,0,0,0,0,0,0,0,0
Tamil Nadu,Thoothugudi,2001,0,0,0,0,0,0,0,0,0,0
Tamil Nadu,Trichy Rly.,2001,0,0,0,0,0,0,0,0,0,0
Tamil Nadu,Trichy Rural,2001,0,0,0,0,0,0,0,0,0,0
Tamil Nadu,Trichy Urban,2001,0,0,0,0,0,0,0,0,0,0
Tamil Nadu,Vellore,2001,0,0,0,0,0,0,0,0,0,0
Tamil Nadu,Villupuram,2001,0,0,0,0,0,0,2,0,0,0
Tamil Nadu,Virudhunagar,2001,0,0,0,0,0,0,0,0,0,0
Tripura,Dhalai,2001,0,0,0,0,0,0,0,0,0,0
Uttar Pradesh,Agra,2001,0,1,0,0,0,0,0,0,0,6
Uttar Pradesh,Aligarh,2001,2,0,0,0,0,0,0,0,0,7
Uttar Pradesh,Allahabad,2001,0,0,0,0,0,0,0,0,17,0
Uttar Pradesh,Ambedkar Nagar,2001,0,0,0,0,0,0,0,0,0,7
Uttar Pradesh,Auraiya,2001,0,0,0,0,0,0,0,0,0,12
Uttar Pradesh,Azamgarh,2001,0,0,0,0,0,0,0,0,0,0
Uttar Pradesh,Badaun,2001,0,0,0,0,0,0,0,0,0,0
Uttar Pradesh,Baghpat,2001,0,0,0,0,0,0,0,0,0,0
Uttar Pradesh,Bahraich,2001,0,0,0,0,0,0,0,0,0,0
Uttar Pradesh,Ballia,2001,0,0,0,0,0,0,0,0,0,0
Uttar Pradesh,Banda,2001,0,0,0,0,0,0,0,0,0,10
Uttar Pradesh,Barabanki,2001,0,0,0,0,0,1,0,0,0,0
Uttar Pradesh,Bareilly,2001,0,1,0,0,0,0,0,0,0,7
Uttar Pradesh,Basti,2001,0,0,0,0,0,0,0,0,0,0
Uttar Pradesh,Bijnor,2001,0,0,0,0,0,0,0,0,0,3
Uttar Pradesh,Bulandshahar,2001,0,0,0,0,0,0,0,0,0,0
Uttar Pradesh,Chandoli,2001,0,0,0,0,0,0,0,0,0,0
Uttar Pradesh,Chitrakoot Dham,2001,0,0,0,0,0,0,0,0,18,10
Uttar Pradesh,Deoria,2001,0,0,0,0,0,0,0,0,0,0
Uttar Pradesh,Etah,2001,0,0,0,0,0,0,0,0,0,0
Uttar Pradesh,Etawah,2001,0,0,0,0,0,0,0,0,0,0
Uttar Pradesh,Faizabad,2001,0,0,0,0,0,0,0,0,0,0
Uttar Pradesh,Fatehgarh,2001,0,0,0,0,0,0,0,0,0,18
Uttar Pradesh,Fatehpur,2001,0,0,0,0,0,0,0,0,0,5
Uttar Pradesh,Firozabad,2001,0,0,0,0,0,0,0,0,0,5
Uttar Pradesh,Gautambudh Nagar,2001,0,0,0,0,0,0,0,0,0,0
Uttar Pradesh,Ghaziabad,2001,0,0,0,0,0,0,0,0,0,5
Uttar Pradesh,Ghazipur,2001,0,0,0,0,0,0,0,0,0,0
Uttar Pradesh,Gonda,2001,0,0,0,0,0,1,0,0,0,0
Uttar Pradesh,Gorakhpur,2001,0,0,0,0,0,0,0,0,0,0
Uttar Pradesh,Hardoi,2001,0,0,0,0,0,0,0,0,0,0
Uttar Pradesh,Hathras,2001,0,0,0,0,0,0,0,0,0,0
Uttar Pradesh,J.P.Nagar,2001,0,0,0,0,0,0,0,0,0,0
Uttar Pradesh,Jalaun,2001,0,0,0,0,0,0,0,0,0,0
Uttar Pradesh,Jaunpur,2001,0,0,0,0,0,0,0,0,0,0
Uttar Pradesh,Jhansi,2001,0,0,0,0,0,0,0,0,0,15
Uttar Pradesh,Kannauj,2001,0,0,0,0,0,0,0,0,0,0
Uttar Pradesh,Kanpur Dehat,2001,0,0,0,0,0,0,0,0,0,0
Uttar Pradesh,Kanpur Nagar,2001,0,0,0,0,0,0,0,0,0,0
Uttar Pradesh,Kaushambi,2001,0,0,0,0,0,0,0,0,0,0
Uttar Pradesh,Khiri,2001,0,0,0,0,0,0,1,0,0,0
Uttar Pradesh,Kushi Nagar,2001,0,0,0,0,0,0,0,0,0,0
Uttar Pradesh,Lalitpur,2001,0,0,0,0,0,0,0,0,11,0
Uttar Pradesh,Lucknow,2001,0,0,0,0,0,0,0,0,0,0
Uttar Pradesh,Maharajganj,2001,0,0,0,0,0,0,0,0,0,0
Uttar Pradesh,Mahoba,2001,0,0,0,0,0,0,0,0,0,0
Uttar Pradesh,Mainpuri,2001,0,0,0,0,0,0,0,0,0,4
Uttar Pradesh,Mathura,2001,0,0,0,0,0,0,0,0,0,6
Uttar Pradesh,Mau,2001,0,0,0,0,0,0,0,0,0,0
Uttar Pradesh,Meerut,2001,0,0,0,0,0,0,0,0,0,0
Uttar Pradesh,Mirzapur,2001,0,0,0,0,0,0,0,0,24,4
Uttar Pradesh,Moradabad,2001,1,0,0,0,0,0,0,0,3,1
Uttar Pradesh,Muzaffarnagar,2001,0,1,0,0,0,0,0,0,0,0
Uttar Pradesh,Pilibhit,2001,0,0,0,0,0,1,0,0,0,0
Uttar Pradesh,Pratapgarh,2001,0,0,0,0,0,0,0,0,0,0
Uttar Pradesh,Raibareilly,2001,0,0,0,0,0,0,0,0,0,0
Uttar Pradesh,Rampur,2001,0,0,0,0,0,0,0,0,0,0
Uttar Pradesh,Saharanpur,2001,0,0,0,0,0,0,0,0,2,4
Uttar Pradesh,Sant Kabirnagar,2001,0,0,0,0,0,0,0,0,0,0
Uttar Pradesh,Shahjahanpur,2001,0,0,0,0,0,0,1,0,0,6
Uttar Pradesh,Shrawasti,2001,0,0,0,0,0,0,0,0,0,0
Uttar Pradesh,Sidharthnagar,2001,0,0,0,0,0,0,0,0,0,0
Uttar Pradesh,Sitapur,2001,0,0,0,0,0,0,0,0,0,0
Uttar Pradesh,Sonbhadra,2001,0,0,0,0,0,0,0,0,0,0
Uttar Pradesh,St.Ravidasnagar,2001,0,0,0,0,0,0,0,0,0,0
Uttar Pradesh,Sultanpur,2001,0,0,0,0,0,0,0,0,0,0
Uttar Pradesh,Unnao,2001,0,0,0,0,0,0,0,0,0,22
Uttar Pradesh,Varanasi,2001,0,0,0,0,0,0,0,0,0,0
Uttarakhand,Almora,2001,0,0,0,0,0,0,0,0,0,0
Uttarakhand,Bageshwar,2001,0,0,0,0,0,0,0,0,0,0
Uttarakhand,Chamoli,2001,0,0,0,0,0,0,0,0,0,0
Uttarakhand,Champawat,2001,0,0,0,0,0,0,0,0,2,1
Uttarakhand,Dehradun,2001,0,0,0,0,0,0,0,0,0,0
Uttarakhand,Haridwar,2001,0,0,0,0,0,0,0,0,0,0
Uttarakhand,Nainital,2001,0,0,0,0,0,0,0,0,0,0
Uttarakhand,Pauri Garhwal,2001,0,0,0,0,0,0,0,0,0,0
Uttarakhand,Pithoragarh,2001,0,1,0,0,0,0,0,0,5,3
Uttarakhand,Rudra Prayag,2001,0,0,0,0,0,0,0,0,0,0
Uttarakhand,Tehri Garhwal,2001,0,0,0,0,0,0,0,0,0,0
Uttarakhand,Udhamsingh Nagar,2001,1,0,0,0,0,0,1,0,2,2
Uttarakhand,Uttarkashi,2001,0,0,0,0,0,0,0,0,0,0
West Bengal,24 Parganas North,2001,0,0,0,0,0,0,0,0,0,0
West Bengal,24 Parganas South,2001,0,0,0,0,0,0,0,0,0,0
West Bengal,Asansol,2001,0,0,0,0,0,0,0,0,0,0
West Bengal,Bankura,2001,0,0,0,0,0,0,0,0,0,0
West Bengal,Birbhum,2001,0,0,0,0,0,0,0,0,0,0
West Bengal,Burdwan,2001,0,0,0,0,0,0,0,0,0,0
West Bengal,Coochbehar,2001,0,0,0,0,0,0,0,0,0,0
West Bengal,Dakshin Dinajpur,2001,0,0,0,0,0,0,0,0,0,0
West Bengal,Darjeeling,2001,0,1,0,0,0,0,0,0,1,0
West Bengal,Hooghly,2001,0,0,0,0,0,0,0,0,0,0
West Bengal,Howrah,2001,0,0,0,0,0,0,0,0,0,0
West Bengal,Howrah City,2001,0,0,0,0,0,0,0,0,0,0
West Bengal,Howrah G.R.P.,2001,0,0,0,0,0,0,0,0,0,0
West Bengal,Jalpaiguri,2001,0,0,0,0,0,0,0,0,0,0
West Bengal,Kolkata,2001,0,0,0,0,0,0,0,0,0,0
West Bengal,Malda,2001,0,0,0,0,0,0,0,0,0,0
West Bengal,Midnapur,2001,0,0,0,0,0,0,0,0,0,0
West Bengal,Murshidabad,2001,0,0,0,0,0,0,0,0,0,0
West Bengal,Nadia,2001,0,0,0,0,0,0,0,0,0,0
West Bengal,Purulia,2001,0,0,0,0,0,0,0,0,0,0
West Bengal,Sealdah G.R.P.,2001,0,0,0,0,0,0,0,0,0,0
West Bengal,Siliguri G.R.P.,2001,0,0,0,0,0,0,0,0,0,0
West Bengal,Uttar Dinajpur,2001,0,0,0,0,0,0,0,0,0,0
A & N Islands,Andaman,2001,0,0,0,0,0,0,0,0,0,0
A & N Islands,Nicobar,2001,0,0,0,0,0,0,0,0,0,1
Chandigarh,Chandigarh,2001,0,0,0,0,0,0,0,0,0,0
D & N Haveli,D And N Haveli,2001,0,0,0,0,0,0,0,0,3,3
Daman & Diu,Daman,2001,0,0,0,0,0,0,0,0,0,0
Daman & Diu,Diu,2001,0,0,0,0,0,0,0,0,0,0
Delhi,Central,2001,0,0,0,0,0,0,0,0,0,0
Delhi,G.R.P.(Rly),2001,0,0,0,0,0,0,0,0,0,0
Delhi,I.G.I.Airport,2001,0,0,0,0,0,0,0,0,0,0
Delhi,New Delhi,2001,0,0,0,0,0,0,0,0,0,0
Delhi,North East,2001,0,0,0,0,0,0,0,0,0,0
Delhi,North West,2001,0,0,0,0,0,0,0,0,0,0
Delhi,S.T.F.,2001,0,0,0,0,0,0,0,0,0,0
Delhi,South West,2001,0,0,0,0,0,0,0,0,0,0
Lakshadweep,Lakshadweep,2001,0,0,0,0,0,0,0,0,0,0
Puducherry,Pondicherry,2001,0,0,0,0,0,0,0,0,0,0
Assam,N.C.Hills,2002,5,1,1,0,2,0,4,0,0,16
Chhattisgarh,Kabirdham,2002,0,0,0,0,0,0,0,0,0,0
Haryana,Hissar,2002,0,0,0,0,0,0,0,0,0,0
Haryana,Mahendragarh,2002,0,0,0,0,0,0,0,0,0,0
Jammu & Kashmir,Handwara,2002,0,0,0,0,0,0,0,0,0,0
Jharkhand,Gumla,2002,1,0,0,0,0,0,0,0,0,2
West Bengal,Kharagpur G.R.P.,2002,0,0,0,0,0,0,0,0,0,0
West Bengal,Paschim Midnapur,2002,0,0,0,0,0,0,0,0,0,0
West Bengal,Purab Midnapur,2002,0,0,0,0,0,0,0,0,0,0
Delhi,Drp,2002,0,0,0,0,0,0,0,0,0,0
Delhi,Igi Airport,2002,0,0,0,0,0,0,0,0,0,0
Delhi,North-East,2002,0,0,0,0,0,0,0,0,0,0
Delhi,North-West,2002,0,0,0,0,0,0,0,0,0,0
Delhi,South-West,2002,0,0,0,0,0,0,0,0,0,0
Delhi,Spl Cell,2002,0,0,0,0,0,0,0,0,0,0
Delhi,Stf,2002,0,0,0,0,0,0,0,0,0,0
Andhra Pradesh,Cyberabad,2003,0,0,0,0,0,0,0,0,4,0
Arunachal Pradesh,K/Kumey,2003,0,0,0,0,0,0,3,0,0,5
Arunachal Pradesh,Upper Dibang Valley,2003,0,0,0,0,0,0,0,0,0,0
Chhattisgarh,Narayanpur,2003,0,0,0,0,0,0,0,0,0,0
Kerala,Ernakulam Commr.,2003,0,1,0,0,0,0,0,0,0,0
Kerala,Ernakulam Rural,2003,0,0,0,0,0,0,0,0,0,1
Kerala,Kozhikode Commr.,2003,0,0,0,0,0,0,0,0,0,1
Kerala,Kozhikode Rural,2003,0,0,0,0,0,0,0,0,0,0
Kerala,Trivandrum Commr.,2003,0,0,0,0,0,0,0,0,0,0
Kerala,Trivandrum Rural,2003,0,0,0,0,0,0,1,0,0,1
Madhya Pradesh,Anuppur,2003,0,0,0,0,0,0,0,0,0,0
Madhya Pradesh,Ashok Nagar,2003,0,1,0,0,0,2,6,0,0,11
Madhya Pradesh,Burhanpur,2003,0,0,0,0,0,0,0,0,0,0
Delhi,Grp(Rly),2003,0,0,0,0,0,0,0,0,0,0
Punjab,Ferozpur,2004,0,0,0,0,0,0,0,0,0,0
Tamil Nadu,Krishnagiri,2004,0,0,0,0,0,0,0,0,0,0
Assam,Baska,2005,0,0,0,0,0,0,0,0,0,0
Assam,Chirang,2005,0,0,0,0,0,0,0,0,0,0
Assam,Udalguri,2005,2,0,0,0,0,0,0,0,0,0
Chhattisgarh,Surajpur,2005,5,10,2,0,0,0,24,0,1,2
Haryana,Mewat,2005,0,0,0,0,0,0,0,0,0,0
Tamil Nadu,Viluppuram,2005,0,2,0,0,0,0,0,0,7,0
Andhra Pradesh,Vijayawada City,2006,0,0,0,0,0,0,10,0,1,7
Haryana,Palwal,2006,0,0,0,0,0,0,0,0,0,0
Jammu & Kashmir,Border District,2006,0,0,0,0,0,0,0,0,0,0
Maharashtra,Mumbai Commr.,2006,0,0,0,0,0,0,0,0,0,0
Manipur,Imphal East,2006,0,0,0,0,0,0,0,0,0,0
Manipur,Imphal West,2006,0,0,0,0,0,0,0,0,0,0
Punjab,Sas Ngr,2006,0,0,0,0,0,0,0,0,0,0
Rajasthan,Jaipur East,2006,1,0,0,0,0,0,0,0,0,15
Rajasthan,Jaipur North,2006,0,0,0,0,0,0,0,0,0,9
Rajasthan,Jaipur Rural,2006,1,0,0,0,0,0,2,0,2,59
Rajasthan,Jaipur South,2006,1,0,0,0,0,0,0,0,2,11
Rajasthan,Jodhpur City,2006,0,0,1,0,0,0,2,0,0,10
Rajasthan,Jodhpur Rural,2006,1,0,0,0,0,0,13,0,0,0
Rajasthan,Kota City,2006,1,0,0,0,0,0,0,0,1,12
Rajasthan,Kota Rural,2006,1,1,0,0,0,1,4,0,0,18
Puducherry,Karaikal,2006,0,0,0,0,0,0,0,0,0,0
Jharkhand,Khunti,2007,16,2,3,3,0,0,4,0,0,16
Jharkhand,Ramgarh,2007,0,0,0,0,0,0,0,0,0,9
Nagaland,Longleng,2007,0,0,0,0,0,0,0,0,0,0
Punjab,Amritsar Rural,2007,0,0,0,0,0,0,0,0,0,0
A & N Islands,A And N Islands,2007,0,0,0,0,0,0,0,0,0,1
Delhi,Outer,2007,0,0,0,0,0,0,0,0,0,0
Chhattisgarh,Dantewada,2008,0,3,0,0,0,0,0,0,0,3
Gujarat,Tapi,2008,0,0,1,0,0,0,2,0,0,1
Jammu & Kashmir,Bandipora,2008,0,0,0,0,0,0,0,0,0,0
Jammu & Kashmir,Kishtwar,2008,0,0,0,0,0,0,0,0,0,0
Jammu & Kashmir,Samba,2008,0,0,0,0,0,0,0,0,0,0
Jammu & Kashmir,Shopian,2008,0,0,0,0,0,0,0,0,0,0
Karnataka,Cbpura,2008,0,0,0,0,0,0,0,0,0,0
Karnataka,Ramanagar,2008,0,0,0,0,0,0,1,0,0,0
Madhya Pradesh,Alirajpur,2008,0,2,0,0,0,0,0,0,0,1
Madhya Pradesh,Singrauli,2008,0,2,0,0,0,0,0,0,0,5
Manipur,Cid,2008,0,0,0,0,0,0,0,0,0,0
Odisha,Dcp Bbsr,2008,0,0,0,0,0,0,1,0,0,6
Odisha,Dcp Ctc,2008,0,0,4,0,0,0,0,0,0,0
Punjab,Ludhiana Rural,2008,0,0,0,0,0,0,0,0,0,0
Punjab,Sbs Nagar,2008,0,0,0,0,0,0,0,0,0,0
Tamil Nadu,Chennaisuburban,2008,0,0,0,0,0,0,0,0,0,0
Uttar Pradesh,Kanshiram Nagar,2008,0,0,0,0,0,0,0,0,0,0
Delhi,Caw,2008,0,0,0,0,0,0,0,0,0,0
Delhi,Crime Branch,2008,0,0,0,0,0,0,0,0,0,0
Delhi,Eow,2008,0,0,0,0,0,0,0,0,0,0
Delhi,South-East,2008,0,0,0,0,0,0,0,0,0,0
Puducherry,Puducherry,2008,0,0,0,0,0,0,0,0,0,0
Arunachal Pradesh,Anjaw,2009,0,0,0,0,0,0,0,0,0,0
Himachal Pradesh,Baddipolicedist,2009,0,0,0,0,0,0,0,0,0,0
Jammu & Kashmir,Railways Kmr,2009,0,0,0,0,0,0,0,0,0,0
Tamil Nadu,Tiruppur,2009,0,0,0,0,0,0,0,0,0,0
Andhra Pradesh,Guntur Urban,2010,0,1,0,0,0,0,0,0,0,10
Andhra Pradesh,Rajahmundry,2010,0,0,0,0,0,0,1,0,2,0
Andhra Pradesh,Tirupathi Urban,2010,0,0,0,0,0,0,0,0,0,2
Andhra Pradesh,Warangal Urban,2010,0,0,0,0,0,0,1,0,0,11
Arunachal Pradesh,Rural,2010,0,0,0,0,0,0,2,0,0,3
Gujarat,Cid Crime,2010,0,0,0,0,0,0,0,0,0,0
Jammu & Kashmir,C.B.Kashmir,2010,0,0,0,0,0,0,0,0,0,0
Jammu & Kashmir,Railwayskmr,2010,0,0,0,0,0,0,0,0,0,0
Jammu & Kashmir,Sopore,2010,0,0,0,0,0,0,0,0,0,0
Karnataka,Yadgiri,2010,0,0,0,0,0,0,0,0,9,9
Punjab,Cp Amritsar,2010,0,0,0,0,0,0,0,0,0,0
Punjab,Cp Jalandhar,2010,0,0,0,0,0,0,0,0,0,0
Punjab,Cp Ludhiana,2010,0,0,0,0,0,0,0,0,0,0
Punjab,Jalandhar Rural,2010,0,0,0,0,0,0,0,0,0,0
Rajasthan,G.R.P. Ajmer,2010,0,0,0,0,0,0,0,0,0,0
Rajasthan,G.R.P. Jodhpur,2010,0,0,0,0,0,0,0,0,0,0
Uttar Pradesh,Csm Nagar,2010,0,0,0,0,0,0,0,0,0,0
Uttar Pradesh,Ramabai Nagar,2010,0,0,0,0,0,0,0,0,0,0
Chhattisgarh,Gariyaband,2011,1,4,0,0,0,0,0,0,0,4
Gujarat,Kutch (East(G)),2011,0,0,0,0,0,0,0,0,0,0
Gujarat,Kutch (West-Bhuj),2011,0,0,0,0,0,0,0,0,0,0
Gujarat,W.Rly Ahmedabad,2011,0,0,1,0,0,0,0,0,0,0
Gujarat,W.Rly Vadodara,2011,0,0,0,0,0,0,0,0,0,0
Jammu & Kashmir,Railways Jammu,2011,0,0,0,0,0,0,0,0,0,0
Jammu & Kashmir,Railways Kashmir,2011,0,0,0,0,0,0,0,0,0,0
Karnataka,Mangalore City,2011,0,0,0,0,0,0,0,0,2,2
Kerala,Kollam Commr.,2011,0,0,0,0,0,0,1,0,0,0
Kerala,Kollam Rural,2011,0,0,0,0,0,0,1,0,11,0
Kerala,Thrissur Commr.,2011,0,0,0,0,0,0,0,0,0,1
Kerala,Thrissur Rural,2011,0,0,0,0,0,0,2,0,0,0
Punjab,Fazilka,2011,0,0,0,0,0,0,0,0,0,0
Punjab,Pathankot,2011,0,0,0,0,0,0,0,0,0,0
Rajasthan,G.R.P.Ajmer,2011,0,0,0,0,0,0,0,0,1,0
Rajasthan,G.R.P.Jodhpur,2011,0,0,1,0,0,0,0,0,0,0
Rajasthan,Jaipur West,2011,0,0,0,0,0,0,0,0,0,31
Uttar Pradesh,Bhim Nagar,2011,0,0,0,0,0,0,0,0,0,0
Uttar Pradesh,Panchshil Nagar,2011,0,0,0,0,0,0,0,0,0,0
Uttar Pradesh,Prabuddh Nagar,2011,0,0,0,0,0,0,0,0,0,0
Assam,Baksa,2012,0,0,0,0,0,0,0,0,0,0
Assam,Bieo,2012,0,0,0,0,0,0,0,0,0,0
Assam,Hamren,2012,0,0,0,0,0,0,0,0,0,0
Chhattisgarh,Balod,2012,0,5,0,0,0,0,0,0,0,3
Chhattisgarh,Baloda Bazar,2012,0,3,0,0,0,0,3,0,0,4
Chhattisgarh,Bemetara,2012,0,1,0,0,0,0,0,0,0,1
Chhattisgarh,Kondagaon,2012,1,2,2,0,0,0,1,0,0,1
Chhattisgarh,Mungeli,2012,1,0,0,0,0,0,0,0,0,1
Chhattisgarh,Sukma,2012,0,0,0,0,0,0,0,0,0,0
Haryana,Ambala Rural,2012,0,0,0,0,0,0,0,0,0,0
Haryana,Ambala Urban,2012,0,0,0,0,0,0,0,0,0,0
Jammu & Kashmir,Railways Katra,2012,0,0,0,0,0,0,0,0,0,0
Rajasthan,Jodhpur East,2012,0,0,0,0,0,0,2,0,0,5
Rajasthan,Jodhpur West,2012,0,1,0,0,0,0,0,0,0,6
Tripura,Gomati,2012,0,0,0,0,0,0,0,0,0,0
Tripura,Khowai,2012,0,1,0,0,1,0,3,0,0,16
Tripura,Sipahijala,2012,0,0,0,0,0,0,0,0,0,0
Tripura,Unakoti,2012,0,0,0,0,0,0,0,0,0,0
West Bengal,Bdn Cp,2012,0,0,0,0,0,0,0,0,0,0
West Bengal,Bkp Cp,2012,0,0,0,0,0,0,0,0,2,0
West Bengal,Jhargram,2012,0,0,0,0,0,0,0,0,0,2
West Bengal,Siliguri_Pc,2012,0,1,0,0,0,0,0,0,0,7
A & N Islands,Car,2012,0,0,0,0,0,0,0,0,0,0
